,OPT,Operation_Cost,Holding_Cost,Unmet_Cost,Replenish_Cost,Victim_value
0,1187617379.8190265,36929262.87780294,150788556.59999996,729016402.0000002,406236833.30872357,135353674.96750015
