,OPT,Operation_Cost,Holding_Cost,Unmet_Cost,Replenish_Cost,Victim_value
0,1378721334.681957,64339751.1488451,60305871.935999885,753709387.319544,703754541.9346207,203388217.6570539
