,OPT,Operation_Cost,Holding_Cost,Unmet_Cost,Replenish_Cost,Victim_value
0,264621645401.21814,75921419.23558989,263957534873.09897,0.0,827147261.1671582,238958152.28500095
