,OPT,Operation_Cost,Holding_Cost,Unmet_Cost,Replenish_Cost,Victim_value
0,716109158.4478683,51755575.38289476,40708447.49999997,231913958.0000003,564441559.0324728,172710381.4675
