,OPT,Set_Up_cost,cost_nostore,Operation_Cost,Holding_Cost,Unmet_Cost,Replenish_Cost,Victim_value
0,1403851249.1352584,3981858899.999999,56393000.00000004,37542417.382820375,27344737.260000013,619477072.0,412161790.97993845,147253658.4875003
