,OPT,Set_Up_cost,cost_nostore,Operation_Cost,Holding_Cost,Unmet_Cost,Replenish_Cost,Victim_value
0,1117897020.9665174,2147245499.9999988,225571999.99999943,20063328.128376108,14911609.320000002,558211352.0,222820481.51563734,138406299.99750003
