,OPT,Operation_Cost,Holding_Cost,Unmet_Cost,Replenish_Cost,Victim_value
0,791058680.8177342,75921419.2355899,126948152.70000067,0.0,827147261.1671436,238958152.28500095
