,OPT,Operation_Cost,Holding_Cost,Unmet_Cost,Replenish_Cost,Victim_value
0,698095213.6395317,22441648.68468318,128709688.20000002,387501451.1999999,246603012.00484842,87160586.45000021
