,OPT,Operation_Cost,Holding_Cost,Unmet_Cost,Replenish_Cost,Victim_value
0,719831421.5377333,75921419.23558989,55720893.42000003,0.0,827147261.1671431,238958152.28500095
