,OPT,Operation_Cost,Holding_Cost,Unmet_Cost,Replenish_Cost,Victim_value
0,781261452.7634493,72677394.59307058,88052852.69999994,58894440.00000004,792006145.2553782,230369379.78500032
