,OPT,Operation_Cost,Holding_Cost,Unmet_Cost,Replenish_Cost,Victim_value
0,1249807656.8460705,759214192.3559023,850428273.1559023,0.0,8271472611.671429,2389581522.849999
