,OPT,Operation_Cost,Holding_Cost,Unmet_Cost,Replenish_Cost,Victim_value
0,781266287.5127256,72675732.30234607,88059349.74000011,58894440.00000032,792006145.255379,230369379.78500032
