,OPT,Operation_Cost,Holding_Cost,Unmet_Cost,Replenish_Cost,Victim_value
0,781553956.0360355,72698451.92441237,88080897.06000003,59114505.471834704,792006145.255379,230346043.67559093
