,OPT,Operation_Cost,Holding_Cost,Unmet_Cost,Replenish_Cost,Victim_value
0,2081646049.402389,103633606.44910778,205932240.0,1417573000.0,792572215.4532821,438065012.5
