,OPT,Operation_Cost,Holding_Cost,Unmet_Cost,Replenish_Cost,Victim_value
0,238516113.72047728,13775646.202131415,58012937.325,10011600.0,203711630.69334605,46995700.5
