,OPT,Operation_Cost,Holding_Cost,Unmet_Cost,Replenish_Cost,Victim_value
0,1622973839.9994416,79335625.2302208,433259783.7000009,504455619.99999845,868127699.2817218,262204888.21249992
