,OPT,Set_Up_cost,cost_nostore,Operation_Cost,Holding_Cost,Unmet_Cost,Replenish_Cost,Victim_value
0,14000544.910703203,0.0,2255720.0,1315770.1259586187,728446.8,0.0,14507908.534744594,4807300.55
