,OPT,Set_Up_cost,cost_nostore,Operation_Cost,Holding_Cost,Unmet_Cost,Replenish_Cost,Victim_value
0,4373777521.540064,540145830.1334022,56393000.000000015,1922341.884504327,5169054.479170588,4255861949.741038,24081688.823278442,23665096.40126542
