,OPT,Operation_Cost,Holding_Cost,Unmet_Cost,Replenish_Cost,Victim_value
0,1809763739.4851046,103008999.65912792,797916296.6999999,110680800.00000015,1125018710.1509764,326861067.0249987
