,OPT,Set_Up_cost,cost_nostore,Operation_Cost,Holding_Cost,Unmet_Cost,Replenish_Cost,Victim_value
0,524907698.0973141,1162160099.9999998,56393000.00000002,7221538.634578611,9157588.920000007,301605448.8,80158521.70523569,45844409.96250005
