,OPT,Set_Up_cost,cost_nostore,Operation_Cost,Holding_Cost,Unmet_Cost,Replenish_Cost,Victim_value
0,1312837653.2287846,3385685099.999997,112786000.00000021,31817910.338900648,22933946.759999964,602126024.0000006,349322971.1573863,144717709.0275001
