,OPT,Set_Up_cost,cost_nostore,Operation_Cost,Holding_Cost,Unmet_Cost,Replenish_Cost,Victim_value
0,4240765694.9968677,82979390.43729024,119093593.20661685,491890.446252894,701025.1734775917,4135085525.905719,5544959.2593689505,28449238.03829835
