,OPT,Operation_Cost,Holding_Cost,Unmet_Cost,Replenish_Cost,Victim_value
0,791058680.8177326,75921419.23558989,126948152.70000017,0.0,827147261.1671429,238958152.28500095
