,OPT,Operation_Cost,Holding_Cost,Unmet_Cost,Replenish_Cost,Victim_value
0,1892998418.0108476,106118118.8410447,963772638.5999997,2.895461648222408e-10,1158039202.5948033,334931542.0249987
