,OPT,Operation_Cost,Holding_Cost,Unmet_Cost,Replenish_Cost,Victim_value
0,407795394.1791804,13389520.518529948,22142870.04,277651538.4,146442665.4981501,51831200.2775
