,OPT,Set_Up_cost,cost_nostore,Operation_Cost,Holding_Cost,Unmet_Cost,Replenish_Cost,Victim_value
0,1548934672.2909305,6305144100.000009,225571999.99999982,44341604.55912975,51788907.72000004,311224848.1957842,489723682.0316728,204230780.21565625
