,OPT,Set_Up_cost,cost_nostore,Operation_Cost,Holding_Cost,Unmet_Cost,Replenish_Cost,Victim_value
0,1118970989.314137,2302923874.9999995,225572000.0,21584578.80498967,16246345.623773161,528922199.10723746,238975285.64915258,142621807.3710156
